id,category,question,answer
1,Programming,What is the output of print(2 ** 3)?,8
2,Programming,Which language is known as the mother of all languages?,Assembly
3,Computer Science,What does CPU stand for?,Central Processing Unit
4,Computer Science,Which component is considered the brain of the computer?,CPU
5,Programming,What is the default value of a boolean variable in Java?,false
6,Programming,What does 'HTML' stand for?,HyperText Markup Language
7,Computer Science,What is the purpose of an operating system?,To manage computer hardware and software
8,Computer Science,Which algorithm is used for sorting data?,Quick Sort
9,Programming,Which of these is not a programming language?,HTML
10,Programming,What is the main purpose of a compiler?,To convert source code to machine code
11,Computer Science,What does 'RAM' stand for?,Random Access Memory
12,Computer Science,What is the binary representation of the decimal number 10?,1010
13,Programming,Which keyword is used to declare a function in Python?,def
14,Programming,What is the output of 'print("Hello" + "World")'?,HelloWorld
15,Computer Science,What does 'URL' stand for?,Uniform Resource Locator
16,Computer Science,Which protocol is used for transferring files over the internet?,FTP
17,Programming,In which language is the 'print' function used to output text?,Python
18,Programming,Which data structure uses LIFO order?,Stack
19,Computer Science,What is the main function of a database?,To store and manage data
20,Computer Science,What does 'HTTP' stand for?,HyperText Transfer Protocol
